"https://www.reddit.com""/r/ebikes/comments/y41t0z/clueless_bike_repair_shop_messed_up_my_bike/iscb430/""",0
"https://www.reddit.com""/r/ebikes/comments/yhxavn/whenever_some_dude_on_a_race_style_bike_tells_me/iugyyj6/""",0
"https://www.reddit.com""/r/ebikes/comments/xvj52u/info_on_super_73/ir1h86j/""",0
"https://www.reddit.com""/r/ebikes/comments/y2y3jl/continuing_research_on_better_tires/is5jaht/""",0
"https://www.reddit.com""/r/ebikes/comments/yarz9k/ebikes_can_cause_a_significant_modal_shift_while/itgq9pr/""",0
"https://www.reddit.com""/r/ebikes/comments/yg22sy/berkeley_antifa_confront_sur_ron_rider_at_peoples/iu7k5iz/""",0
"https://www.reddit.com""/r/ebikes/comments/xxol3i/bag_and_storage_options/ire4sth/""",0
"https://www.reddit.com""/r/ebikes/comments/y9v3kg/would_it_be_possible_to_convert_a_cannondale_bad/it8oprm/""",0
"https://www.reddit.com""/r/ebikes/comments/yhbjmf/riding_ebike_to_commute_6o_miles_two_times_in_a/iueabi2/""",1
"https://www.reddit.com""/r/ebikes/comments/y1euxa/will_my_ebike_get_stolen/irxyg36/""",0
"https://www.reddit.com""/r/ebikes/comments/yb3j9x/where_is_the_speed_limiter/itgh4sn/""",0
"https://www.reddit.com""/r/ebikes/comments/yd37t4/diy_bbs02_priority_gotham_classic/itqja6x/""",0
"https://www.reddit.com""/r/ebikes/comments/xwjtii/this_is_exactly_why_this_community_should_call/ir7gvtk/""",0
"https://www.reddit.com""/r/ebikes/comments/yegpma/lifepo4_battery_for_ebike_it_looks_dope/ityemfh/""",0
"https://www.reddit.com""/r/ebikes/comments/y1k2mi/zoomo_ebikes_in_san_francisco_closing_down_can/irxw21t/""",0
"https://www.reddit.com""/r/ebikes/comments/xy4p30/new_bike_day/irj874a/""",0
"https://www.reddit.com""/r/ebikes/comments/xzy6nr/almost_got_my_robbed_on_my_ebike_today/irsq9jx/""",0
"https://www.reddit.com""/r/ebikes/comments/ycx32s/front_brake_is_louder_than_a_car_horn/itoz4ha/""",0
"https://www.reddit.com""/r/ebikes/comments/yabqs4/3_people_on_2_wheels_and_still_fits_in_our_tiny/itarbrw/""",0
"https://www.reddit.com""/r/ebikes/comments/y9dmzj/source_for_complete_preassembled_d_26_inch_wheel/it5a6ac/""",0
"https://www.reddit.com""/r/ebikes/comments/xwjtii/this_is_exactly_why_this_community_should_call/ir8ffyy/""",0
"https://www.reddit.com""/r/ebikes/comments/y4bhxy/new_to_ebike_hows_this/isdtr59/""",0
"https://www.reddit.com""/r/ebikes/comments/ygxrhb/does_listening_to_music_make_your_ride_more/iubtzuy/""",0
"https://www.reddit.com""/r/ebikes/comments/yibd47/is_this_bike_any_good_its_around_495_seems_good/iuin899/""",0
"https://www.reddit.com""/r/ebikes/comments/yccxpj/first_ebike/itmqtq7/""",
"https://www.reddit.com""/r/ebikes/comments/ydq5vr/how_should_i_name_my_new_bike/itxdtyd/""",0
"https://www.reddit.com""/r/ebikes/comments/yexq5l/we_did_it_boys/iu2b7l6/""",0
"https://www.reddit.com""/r/ebikes/comments/y9ftft/why_do_people_that_ride_regular_bikes_hate_ebikes/it8qycq/""",0
"https://www.reddit.com""/r/ebikes/comments/ydi053/flat_tires_how_to_fix/itsenys/""",0
"https://www.reddit.com""/r/ebikes/comments/yccozh/ebikes_in_the_cold/itlh8te/""",0
"https://www.reddit.com""/r/ebikes/comments/xt0xai/why_everybody_has_a_wife/iqnb02d/""",0
"https://www.reddit.com""/r/ebikes/comments/ycl5mc/chainline_with_a_middrive_motor_and_12_gear/itmzkbc/""",0
"https://www.reddit.com""/r/ebikes/comments/xznjer/the_battery_on_my_ebike_isnt_charging_the_charger/irnnxan/""",0
"https://www.reddit.com""/r/ebikes/comments/yf2y9g/what_is_the_camrycivic_of_ebikes/iu352zl/""",1
"https://www.reddit.com""/r/ebikes/comments/xs6me9/forget_your_500_bike_rackslol/iqlfwcm/""",0
"https://www.reddit.com""/r/ebikes/comments/ygk9jh/really_impressed_with_the_work_san_diego_is/iuf4pmj/""",0
"https://www.reddit.com""/r/ebikes/comments/xx731e/rad_power_bikes_is_having_a_pretty_crazy_sale_499/irc4j23/""",0
"https://www.reddit.com""/r/ebikes/comments/xuprfl/ebike_charging_question/iqxkdko/""",0
"https://www.reddit.com""/r/ebikes/comments/xx731e/rad_power_bikes_is_having_a_pretty_crazy_sale_499/irar0at/""",0
"https://www.reddit.com""/r/ebikes/comments/ye03vy/update_on_my_last_post_about_my_motor_having_way/itzgx61/""",0
"https://www.reddit.com""/r/ebikes/comments/xx6shf/middrive_shifting_what_solutions/irc208p/""",0
"https://www.reddit.com""/r/ebikes/comments/y73lj1/marin_muirwoods_with_tsdz2_conversion_or_rei_cty/issf541/""",0
"https://www.reddit.com""/r/ebikes/comments/ycn5zq/s17_battery_problems/itn5r65/""",0
"https://www.reddit.com""/r/ebikes/comments/xm3cjx/first_week_with_my_new_aventon_level2/is3e4p3/""",0
"https://www.reddit.com""/r/ebikes/comments/yhm4i1/which_one_of_you_dumb_mothers_at_ebc_designed/iuf1q2j/""",0
"https://www.reddit.com""/r/ebikes/comments/y3655d/i_cant_park_my_ebike_inside_my_own_apartment/isoy8mi/""",0
"https://www.reddit.com""/r/ebikes/comments/yeiey2/am_i_supposed_to_post_a_bridge_pic/ity9n7p/""",0
"https://www.reddit.com""/r/ebikes/comments/xtal4s/is_it_worth_it_to_buy_an_xp_lite_for_my_van/iqp45gm/""",0
"https://www.reddit.com""/r/ebikes/comments/xtmcm1/why_are_small_wheel_fat_tire_e_bike_so_popular/iqqzhal/""",0
"https://www.reddit.com""/r/ebikes/comments/yifwdt/8000w_ebike/iuijujs/""",0
"https://www.reddit.com""/r/ebikes/comments/y0w377/i_havent_driven_in_3_years/iryewzu/""",0
"https://www.reddit.com""/r/ebikes/comments/ydoesd/bike_repair_stand_needed/ittutub/""",0
"https://www.reddit.com""/r/ebikes/comments/xxdcml/thinking_about_adding_hydraulic_brakes_to_my_bike/irbk832/""",0
"https://www.reddit.com""/r/ebikes/comments/ydmdtf/for_those_who_are_considering_buying_an_ebike/itta917/""",0
"https://www.reddit.com""/r/ebikes/comments/xwv89o/should_i_get_fat_tires_or_suspension/irauklf/""",0
"https://www.reddit.com""/r/ebikes/comments/y7drbm/tryna_diy_a_longdistance_commuter_bike_that_can/isvr6um/""",0
"https://www.reddit.com""/r/ebikes/comments/y7g4xp/today_i_learned_an_important_lesson_ebikes_dont/isvhh4e/""",0
"https://www.reddit.com""/r/ebikes/comments/ygsaii/drivetrain_issues_chain_keeps_skipping_on_some/iua6y13/""",0
"https://www.reddit.com""/r/ebikes/comments/y31x0i/question_are_solid_tires_worth_it/is926xb/""",0
"https://www.reddit.com""/r/ebikes/comments/y0dze0/found_an_alternative_to_ebiking/irtyylv/""",0
"https://www.reddit.com""/r/ebikes/comments/xyzwx3/bosch_motor_lifespan/irlowh6/""",0
"https://www.reddit.com""/r/ebikes/comments/y41i4y/if_ebikes_were_pokemon_these_would_be_the/isbqss8/""",0
"https://www.reddit.com""/r/ebikes/comments/y3dzrh/got_the_new_whip/isbcytj/""",0
"https://www.reddit.com""/r/ebikes/comments/xwdwnl/can_i_put_a_solid_rubber_back_tire_on_my_jetson/ir8k1o3/""",0
"https://www.reddit.com""/r/ebikes/comments/yb1r56/ok_so_dumb_question_but_how_come_these_kids_bikes/itebsrj/""",0
"https://www.reddit.com""/r/ebikes/comments/xy07l7/are_all_cadence_sensors_onoff_switches_where_the/irhif4l/""",0
"https://www.reddit.com""/r/ebikes/comments/xyyn4p/what_do_you_guys_use_to_prevent_flats_2nd_flat_in/irjztat/""",0
"https://www.reddit.com""/r/ebikes/comments/y9ftft/why_do_people_that_ride_regular_bikes_hate_ebikes/it7qcrt/""",0
"https://www.reddit.com""/r/ebikes/comments/y77bis/couldnt_even_ride_it_first_before_i_had_to_start/iswqagw/""",0
"https://www.reddit.com""/r/ebikes/comments/yfxko7/do_cars_pass_you_even_when_you_go_above_the_speed/iu85l16/""",0
"https://www.reddit.com""/r/ebikes/comments/yfm7kh/recommendations_for_regular_looking_ebikes/iu4ftxa/""",1
"https://www.reddit.com""/r/ebikes/comments/ydd8we/advice_please/itt2hm4/""",0
"https://www.reddit.com""/r/ebikes/comments/xzbrez/addmotor/irlgi9s/""",0
"https://www.reddit.com""/r/ebikes/comments/ydj5h9/nighttime_bridge_pic/itu70tl/""",0
"https://www.reddit.com""/r/ebikes/comments/y5vpyh/new_mudguards_howd_they_look/isyq1rx/""",0
"https://www.reddit.com""/r/ebikes/comments/yfry1p/anyone_have_any_idea_why_this_happens_bike_is/iu58esn/""",0
"https://www.reddit.com""/r/ebikes/comments/xx731e/rad_power_bikes_is_having_a_pretty_crazy_sale_499/irbmgd3/""",0
"https://www.reddit.com""/r/ebikes/comments/y4f4ae/bike_pic_for_my_brand_new_ebike_this_is_the/isfvy33/""",0
"https://www.reddit.com""/r/ebikes/comments/y7edbg/79_off_extra_150_off_gyroor_folding_electric_bike/isvrce4/""",0
"https://www.reddit.com""/r/ebikes/comments/y7t6yl/e_bike_throttle_wont_work_but_remote_control_does/isxzmzn/""",0
"https://www.reddit.com""/r/ebikes/comments/c6ema1/how_to_know_ah_capability_of_my_battery_and/irogda8/""",0
"https://www.reddit.com""/r/ebikes/comments/y1u9vk/sold_my_tahoe_for_my_ebike_a_year_ago_1600_miles/irzi0ou/""",0
"https://www.reddit.com""/r/ebikes/comments/xpl5xw/range_question_heybike_ranger_not_getting_near/ird66li/""",0
"https://www.reddit.com""/r/ebikes/comments/mk5va2/pedego_element_2021_speed_limiter/isef4p3/""",0
"https://www.reddit.com""/r/ebikes/comments/y6jnmm/ebike_prices_going_down_significantly/isr87ng/""",0
"https://www.reddit.com""/r/ebikes/comments/xv95cm/im_thinking_new_tyres_well_tyre_might_be_best/iqzr8a9/""",0
"https://www.reddit.com""/r/ebikes/comments/xwu0g8/anyone_else_find_hub_motor_ebikes_more_fun_than/irapmv0/""",0
"https://www.reddit.com""/r/ebikes/comments/y6jnmm/ebike_prices_going_down_significantly/isrs3cl/""",0
"https://www.reddit.com""/r/ebikes/comments/y1bxpa/hello_ebike_riders_and_enjoyers_i_am_a_college/iryk6ur/""",0
"https://www.reddit.com""/r/ebikes/comments/ybmib5/help_me_find_the_right_bike_please/ithb42t/""",1
"https://www.reddit.com""/r/ebikes/comments/y7lwvr/nexus_8_speed_hub/isx618t/""",0
"https://www.reddit.com""/r/ebikes/comments/xz82oo/diy_ebike_using_a_treadmill_motor/irlahmu/""",0
"https://www.reddit.com""/r/ebikes/comments/ybzru1/how_long_do_ebikes_typically_last/itlbmw3/""",0
"https://www.reddit.com""/r/ebikes/comments/yd8i5l/where_is_the_vin_serial_number_on_a_sur_ron/itqn7x7/""",0
"https://www.reddit.com""/r/ebikes/comments/y1b9pt/my_newest_ebike_beach_cruiser_500w_36v/irxly23/""",0
"https://www.reddit.com""/r/ebikes/comments/yhxavn/whenever_some_dude_on_a_race_style_bike_tells_me/iugagbm/""",0
"https://www.reddit.com""/r/ebikes/comments/y1ja5c/chainstay_wrap_today/is0mubj/""",0
"https://www.reddit.com""/r/ebikes/comments/xuuc6s/whats_the_honda_accord_hybrid_of_ebikes/ir10oa2/""",1
"https://www.reddit.com""/r/ebikes/comments/xt0xai/why_everybody_has_a_wife/iqob6oa/""",0
"https://www.reddit.com""/r/ebikes/comments/y7cjzc/i_hacked_my_bike_to_go_40_mph_but_it_keeps/istsow2/""",0
"https://www.reddit.com""/r/ebikes/comments/y9ftft/why_do_people_that_ride_regular_bikes_hate_ebikes/it641wg/""",0
"https://www.reddit.com""/r/ebikes/comments/xund0o/how_long_have_you_studied_before_buyingassembling/ir13s1s/""",0
"https://www.reddit.com""/r/ebikes/comments/xvhdcf/what_do_i_do_with_this_battery/ir3zewj/""",0
"https://www.reddit.com""/r/ebikes/comments/xvv0pa/out_in_the_wild_at_last_i_need_a_new_front_wheel/ir39f3o/""",0
"https://www.reddit.com""/r/ebikes/comments/y3655d/i_cant_park_my_ebike_inside_my_own_apartment/isjp7o7/""",0
"https://www.reddit.com""/r/ebikes/comments/yezquu/anybody_familliar_with_ghostride_brand_i_have_an/iu0usb4/""",0
"https://www.reddit.com""/r/ebikes/comments/rfxuwi/ebiker_pulls_a_hit_and_run_after_injuring_a/it7n76b/""",0
"https://www.reddit.com""/r/ebikes/comments/yb1r56/ok_so_dumb_question_but_how_come_these_kids_bikes/ithrtc0/""",0
"https://www.reddit.com""/r/ebikes/comments/yg0790/go_careful_on_those_wet_leaves_ive_broken_my/iu7u1ht/""",0
"https://www.reddit.com""/r/ebikes/comments/y4u76r/first_ride_in_the_texas_hill_country/ish9gro/""",0
"https://www.reddit.com""/r/ebikes/comments/y6jnmm/ebike_prices_going_down_significantly/ist5pxd/""",0
"https://www.reddit.com""/r/ebikes/comments/y0lgef/looking_for_advice_and_direction_for_a_newcomer/irsolg0/""",1
"https://www.reddit.com""/r/ebikes/comments/yhxavn/whenever_some_dude_on_a_race_style_bike_tells_me/iugjleb/""",0
"https://www.reddit.com""/r/ebikes/comments/y86734/bosch_makes_the_best_motor/isywpmy/""",0
"https://www.reddit.com""/r/ebikes/comments/y9ftft/why_do_people_that_ride_regular_bikes_hate_ebikes/itzbc9c/""",0
"https://www.reddit.com""/r/ebikes/comments/xh3pmo/san_francisco_resident_looking_for_my_first_new/irud0rk/""",0
"https://www.reddit.com""/r/ebikes/comments/xt0xai/why_everybody_has_a_wife/iqndu1d/""",0
"https://www.reddit.com""/r/ebikes/comments/xxf20n/first_ebike_build_complete_1000w_bbshd_52v_17ah/ircxf7v/""",0
"https://www.reddit.com""/r/ebikes/comments/xx731e/rad_power_bikes_is_having_a_pretty_crazy_sale_499/ird2480/""",0
"https://www.reddit.com""/r/ebikes/comments/xy5c55/i_love_back_country_dirt_road_riding_gotta_watch/irh9gz4/""",0
"https://www.reddit.com""/r/ebikes/comments/y5tni9/converting_from_7_speed_to_3/iso7cot/""",0
"https://www.reddit.com""/r/ebikes/comments/y7cjzc/i_hacked_my_bike_to_go_40_mph_but_it_keeps/isvt5jd/""",0
"https://www.reddit.com""/r/ebikes/comments/y868yc/should_we_all_wear_a_helmet_when_riding_ebikes/isyix8f/""",0
"https://www.reddit.com""/r/ebikes/comments/y0wgw4/are_mid_drives_just_less_zippy_than_hub_motors/is88p37/""",0
"https://www.reddit.com""/r/ebikes/comments/xtzzhi/advice_on_ebike_uni_student/iquqj29/""",1
"https://www.reddit.com""/r/ebikes/comments/xyx2tu/need_the_option_of_between_some_bikes/irjyc7r/""",1
"https://www.reddit.com""/r/ebikes/comments/yh1vns/is_it_super_bad_3_month_old_battery_corroded/iubsqqg/""",0
"https://www.reddit.com""/r/ebikes/comments/yhyx1d/will_this_54v_2_amp_charger_work_on_a_52_volts_20/iugkobm/""",0
"https://www.reddit.com""/r/ebikes/comments/y2cap8/defensive_bike_lock/is2isli/""",0
"https://www.reddit.com""/r/ebikes/comments/y4lsgd/ebike_conversion/isf280j/""",0
"https://www.reddit.com""/r/ebikes/comments/yifwdt/8000w_ebike/iujx3y0/""",0
"https://www.reddit.com""/r/ebikes/comments/y6qi72/need_help_finding_a_compatible_replacement_rim/isqpzx7/""",0
"https://www.reddit.com""/r/ebikes/comments/y0hpc2/experience_installing_new_battery_on_the_ride1up/irrv1ft/""",0
"https://www.reddit.com""/r/ebikes/comments/y02g6s/alternatives_to_radrvr6/irpr8ot/""",1
"https://www.reddit.com""/r/ebikes/comments/y1b9pt/my_newest_ebike_beach_cruiser_500w_36v/irxxeen/""",0
"https://www.reddit.com""/r/ebikes/comments/xti7cj/seat_height/iqq2q2g/""",0
"https://www.reddit.com""/r/ebikes/comments/y2719b/eco_cycles_tsdz2_cooling_mod_worth_it/is256ya/""",0
"https://www.reddit.com""/r/ebikes/comments/y4mr4x/i_am_an_assistant_product_manager_who_had_talked/isnbwn1/""",0
"https://www.reddit.com""/r/ebikes/comments/y89cb7/pure_flux_one_does_anyone_know_what_long_pressing/iszfuwa/""",0
"https://www.reddit.com""/r/ebikes/comments/y412lp/am_i_ruining_my_battery/isbmbpy/""",0
"https://www.reddit.com""/r/ebikes/comments/y4cvy2/what_is_the_cheapest_big_tire_ebike/isf86pb/""",1
"https://www.reddit.com""/r/ebikes/comments/yc55mv/here_is_my_60_bike_conversion_and_so_far_i/itke5j3/""",0
"https://www.reddit.com""/r/ebikes/comments/xuec3m/what_is_the_future_of_ebikes/iqyfcf3/""",0
"https://www.reddit.com""/r/ebikes/comments/y868yc/should_we_all_wear_a_helmet_when_riding_ebikes/isyup9m/""",0
"https://www.reddit.com""/r/ebikes/comments/xwdkkh/kepler_52v_alternative/ir78d4e/""",0
"https://www.reddit.com""/r/ebikes/comments/xvwgtl/would_a_fat_tire_ebike_be_bad_for_food_delivery/ir3nmvd/""",1
"https://www.reddit.com""/r/ebikes/comments/y279lh/contemplating_ebike_vs_car/is453zm/""",0
"https://www.reddit.com""/r/ebikes/comments/y9ftft/why_do_people_that_ride_regular_bikes_hate_ebikes/it5ife4/""",0
"https://www.reddit.com""/r/ebikes/comments/y5mj2q/motor_swap_to_mountain_bike/iskkuaw/""",0
"https://www.reddit.com""/r/ebikes/comments/y4v0ok/replacement_puncture_resistant_tires_for_radrunner/isg3dm0/""",0
"https://www.reddit.com""/r/ebikes/comments/ydmdtf/for_those_who_are_considering_buying_an_ebike/ittb6g9/""",0
"https://www.reddit.com""/r/ebikes/comments/ybzru1/how_long_do_ebikes_typically_last/itlql46/""",0
"https://www.reddit.com""/r/ebikes/comments/y0zex0/bridgeadjacent/irvtrry/""",0
"https://www.reddit.com""/r/ebikes/comments/xliiy4/after_school_in_socal/iqr4heu/""",0
"https://www.reddit.com""/r/ebikes/comments/yb7wsf/any_one_who_purchased_radmission_on_sale_have_you/itk9rlj/""",0
"https://www.reddit.com""/r/ebikes/comments/xz3vnn/new_ride_is_so_smooth/irm1qly/""",0
"https://www.reddit.com""/r/ebikes/comments/xz2cxc/riding_through_the_woods/irlmf09/""",0
"https://www.reddit.com""/r/ebikes/comments/xtk6qb/fear_of_ebike_being_stolen/iquboip/""",0
"https://www.reddit.com""/r/ebikes/comments/yeiey2/am_i_supposed_to_post_a_bridge_pic/itzhkvj/""",0
"https://www.reddit.com""/r/ebikes/comments/y93b5i/error_30_on_ebike/it3evfi/""",0
"https://www.reddit.com""/r/ebikes/comments/lztsvd/radpower_referral_code_anyone/isoon10/""",0
"https://www.reddit.com""/r/ebikes/comments/y86734/bosch_makes_the_best_motor/it8f8wx/""",0
"https://www.reddit.com""/r/ebikes/comments/yczogc/first_ever_selfpropelled_vehicle_ive_ever_ridden/itplasv/""",0
"https://www.reddit.com""/r/ebikes/comments/yecb6j/bridge/itygcn2/""",0
"https://www.reddit.com""/r/ebikes/comments/y55ph8/pas_sensor/isidtd8/""",0
"https://www.reddit.com""/r/ebikes/comments/xtnwet/suddenly_all_the_european_guys_are_moving_to_the/iqrguxg/""",0
"https://www.reddit.com""/r/ebikes/comments/yfxko7/do_cars_pass_you_even_when_you_go_above_the_speed/iu659ay/""",0
"https://www.reddit.com""/r/ebikes/comments/m88lvq/rad_power_bike_referral_for_an_ebike_newbie/irfpune/""",0
"https://www.reddit.com""/r/ebikes/comments/y41pbr/my_fav_ebike_mod_front_fork_360_lights/isd0dk4/""",0
"https://www.reddit.com""/r/ebikes/comments/y6jnmm/ebike_prices_going_down_significantly/isrovtl/""",0
"https://www.reddit.com""/r/ebikes/comments/yapu77/i_dont_think_ill_buy_a_electric_bicycle_again/itcrpmt/""",0
"https://www.reddit.com""/r/ebikes/comments/y7lwj7/middrive_shifting_advice/isyb8fl/""",0
"https://www.reddit.com""/r/ebikes/comments/ybsswh/73_degrees_in_buffalo_today_trying_to_get_as_many/itlfoau/""",0
"https://www.reddit.com""/r/ebikes/comments/yd9xip/140_mile_range_under_1500/itr0tax/""",0
"https://www.reddit.com""/r/ebikes/comments/xu1ch3/haibike_sduro_in_its_natural_environment/iqylq38/""",0
"https://www.reddit.com""/r/ebikes/comments/yihpi7/aliexpress_frey_emtb_legit/iujny0k/""",0
"https://www.reddit.com""/r/ebikes/comments/xu73l8/nor_a_mountain_bike_dont_see_alot_of_action_of/iqw0r25/""",0
"https://www.reddit.com""/r/ebikes/comments/y9who5/im_looking_to_buy_my_first_e_bike_for_trails/it8h8wt/""",1
"https://www.reddit.com""/r/ebikes/comments/y86734/bosch_makes_the_best_motor/isyzhll/""",0
"https://www.reddit.com""/r/ebikes/comments/y98lok/zoomo_ebikes_any_opinions_on_sale_for_699_at_my/it4u887/""",0
"https://www.reddit.com""/r/ebikes/comments/xub69h/anyone_else_get_snarky_comments/iqvor3n/""",0
"https://www.reddit.com""/r/ebikes/comments/xz10go/radmission_for_500_on_sale_or_electra_xp_lite_for/irk5w42/""",0
"https://www.reddit.com""/r/ebikes/comments/xvnydt/fiido_m21_hertfordshire_uk/ir21p7a/""",0
"https://www.reddit.com""/r/ebikes/comments/y2fabj/fastest_e_bike_around_1200/is3a5zk/""",1
"https://www.reddit.com""/r/ebikes/comments/y440pm/anyone_else_have_a_e_ahora_am200/isc180g/""",0
"https://www.reddit.com""/r/ebikes/comments/y8fy2o/noob_question_from_a_standard_mtb_rider_how_do/it04vvp/""",0
"https://www.reddit.com""/r/ebikes/comments/xxa3tc/how_do_i_get_bike_mechanic_davy/irawsp0/""",0
"https://www.reddit.com""/r/ebikes/comments/y8z62g/wanting_to_electrify_my_marlin_6_helpsuggestions/it407io/""",0
"https://www.reddit.com""/r/ebikes/comments/yer9pa/best_helmet_tonuse_for_riding_an_ebike_price/itzhkqw/""",0
"https://www.reddit.com""/r/ebikes/comments/y779c9/what_stops_my_ebike_freewheeling/isto31u/""",0
"https://www.reddit.com""/r/ebikes/comments/xt0xai/why_everybody_has_a_wife/iqnhgoo/""",0
"https://www.reddit.com""/r/ebikes/comments/yb2qx2/air_fork_adjustment/iteb7bk/""",0
"https://www.reddit.com""/r/ebikes/comments/xvci43/just_a_heads_up_for_any_zoomo_users_of_2020_and/ir27amz/""",0
"https://www.reddit.com""/r/ebikes/comments/y3655d/i_cant_park_my_ebike_inside_my_own_apartment/isbme5m/""",0
"https://www.reddit.com""/r/ebikes/comments/xsu8qz/i_can_fit_all_the_animals_im_responsible_for_on/iqnns8e/""",0
"https://www.reddit.com""/r/ebikes/comments/y868yc/should_we_all_wear_a_helmet_when_riding_ebikes/isyduwk/""",0
"https://www.reddit.com""/r/ebikes/comments/y9ftft/why_do_people_that_ride_regular_bikes_hate_ebikes/it8draj/""",0
"https://www.reddit.com""/r/ebikes/comments/yf0yze/familial_debate_over_ebike_environmental_impact/iu2k8qt/""",0
"https://www.reddit.com""/r/ebikes/comments/xxm7mh/unlimitied_mpg_charging_ebike_at_ev_charging/ird4jed/""",0
"https://www.reddit.com""/r/ebikes/comments/ybud16/tsdz2b_reduction_gear_assembly/itit4qv/""",0
"https://www.reddit.com""/r/ebikes/comments/y2fhtf/buying_a_2020_year_ebike_in_oct_2022_good_or_bad/is3j9ml/""",0
"https://www.reddit.com""/r/ebikes/comments/yewcj6/what_type_of_charger_do_i_need_to_buy_for_the/iu0a30i/""",0
"https://www.reddit.com""/r/ebikes/comments/y4f4ae/bike_pic_for_my_brand_new_ebike_this_is_the/isfu212/""",0
"https://www.reddit.com""/r/ebikes/comments/xx731e/rad_power_bikes_is_having_a_pretty_crazy_sale_499/irjinue/""",0
"https://www.reddit.com""/r/ebikes/comments/y9ftft/why_do_people_that_ride_regular_bikes_hate_ebikes/it5qy0m/""",0
"https://www.reddit.com""/r/ebikes/comments/y4r3gl/behold_my_new_charging_setup/isirix1/""",0
"https://www.reddit.com""/r/ebikes/comments/yhxavn/whenever_some_dude_on_a_race_style_bike_tells_me/iuhr13j/""",0
"https://www.reddit.com""/r/ebikes/comments/y6c8pd/charge_every_day_or_every_second_day/isovnlb/""",0
"https://www.reddit.com""/r/ebikes/comments/y9j1db/any_suggestions_for_adding_a_rear_rack_to_an/it86wel/""",0
"https://www.reddit.com""/r/ebikes/comments/xxmx84/im_officially_an_ebiker/irdisuq/""",0
"https://www.reddit.com""/r/ebikes/comments/y7drbm/tryna_diy_a_longdistance_commuter_bike_that_can/isvq35d/""",0
"https://www.reddit.com""/r/ebikes/comments/yexrxc/1299_radrover_6_stepthru_back_in_stock_both/iu16acz/""",0
"https://www.reddit.com""/r/ebikes/comments/yfxomm/transferring_from_a_motorcycle_to_an_ebike/iu6xckf/""",0
"https://www.reddit.com""/r/ebikes/comments/wzmji6/blix_ultra_worth_it/ir3x726/""",0
"https://www.reddit.com""/r/ebikes/comments/yfkw83/readmission_came_in_built_it_up_and_took_it_for_a/iu4vi3b/""",0
"https://www.reddit.com""/r/ebikes/comments/y1euxa/will_my_ebike_get_stolen/iryppff/""",0
"https://www.reddit.com""/r/ebikes/comments/y868yc/should_we_all_wear_a_helmet_when_riding_ebikes/iszy871/""",0
"https://www.reddit.com""/r/ebikes/comments/xtq3ec/first_ebike_euy_brand_hitting_29mph_working_great/iqtu6fu/""",0
"https://www.reddit.com""/r/ebikes/comments/wlc45z/the_new_york_city_housing_authority_has_posted_a/irma7ej/""",0
"https://www.reddit.com""/r/ebikes/comments/y7w15p/are_there_any_places_you_sell_or_get_trade_in/isycsgy/""",0
"https://www.reddit.com""/r/ebikes/comments/y6gjx5/bridge_no_more_since_a_flood_in_2021/isqgg2a/""",0
"https://www.reddit.com""/r/ebikes/comments/y1bxpa/hello_ebike_riders_and_enjoyers_i_am_a_college/irwxl4l/""",0
"https://www.reddit.com""/r/ebikes/comments/y86734/bosch_makes_the_best_motor/it07mvx/""",0
"https://www.reddit.com""/r/ebikes/comments/xt0xai/why_everybody_has_a_wife/iqpo5yi/""",0
"https://www.reddit.com""/r/ebikes/comments/yinv1p/anyone_know_the_details_of_these_grub_hub/iujznck/""",0
"https://www.reddit.com""/r/ebikes/comments/y3j0j4/anyone_have_any_experience_shipping_an_ebike_for/is8yjkp/""",0
"https://www.reddit.com""/r/ebikes/comments/y9kdrf/do_you_call_it_an_endo_or_stoppie/it7ryh9/""",0
"https://www.reddit.com""/r/ebikes/comments/y6c8pd/charge_every_day_or_every_second_day/ispb8c7/""",0
"https://www.reddit.com""/r/ebikes/comments/y868yc/should_we_all_wear_a_helmet_when_riding_ebikes/iszxm2d/""",0
"https://www.reddit.com""/r/ebikes/comments/y8z5i3/sir_youre_gonna_love_this_i_found_this_badass/it4k1xf/""",0
"https://www.reddit.com""/r/ebikes/comments/y9v3kg/would_it_be_possible_to_convert_a_cannondale_bad/itbjfso/""",0
"https://www.reddit.com""/r/ebikes/comments/y4f4ae/bike_pic_for_my_brand_new_ebike_this_is_the/iskqpyl/""",0
"https://www.reddit.com""/r/ebikes/comments/xtq3ec/first_ebike_euy_brand_hitting_29mph_working_great/iqrfklj/""",0
"https://www.reddit.com""/r/ebikes/comments/xs2fgz/my_motor_stopped_working_need_help_fixing_it/iqlt73i/""",0
"https://www.reddit.com""/r/ebikes/comments/yg45bf/ride1up_cafe_cruiser_brake_squeel/iu6zb0z/""",0
"https://www.reddit.com""/r/ebikes/comments/y5dbco/tesgo_hummer_pro_will_be_purchasing_this_bike_for/iuk92h2/""",0
"https://www.reddit.com""/r/ebikes/comments/xz8m0k/overkill_or_just_enough_spent_way_too_much_time/irlftar/""",0
"https://www.reddit.com""/r/ebikes/comments/y9ru71/what_makes_ebikes_so_difficult_to_pedal_with_no/it9m53i/""",0
"https://www.reddit.com""/r/ebikes/comments/yb1r56/ok_so_dumb_question_but_how_come_these_kids_bikes/itge8uk/""",0
"https://www.reddit.com""/r/ebikes/comments/yhbjmf/riding_ebike_to_commute_6o_miles_two_times_in_a/iudltrz/""",0
"https://www.reddit.com""/r/ebikes/comments/xvne07/first_ebike_aventon_level_2_step_through/ir3c3ne/""",0
"https://www.reddit.com""/r/ebikes/comments/yd4idg/fair_enough/itsgpo3/""",0
"https://www.reddit.com""/r/ebikes/comments/xww7l7/an_aventure_going_on_her_maiden_voyage_ambassador/ir9nhve/""",0
"https://www.reddit.com""/r/ebikes/comments/xzctpu/excerpts_from_my_fat_ebike_review/irq5w5o/""",0
"https://www.reddit.com""/r/ebikes/comments/yapu77/i_dont_think_ill_buy_a_electric_bicycle_again/itcfamn/""",0
"https://www.reddit.com""/r/ebikes/comments/xyxa9a/arcimoto_unveils_3_wheels_and_4_motors_drive_self/irjbt3f/""",0
"https://www.reddit.com""/r/ebikes/comments/ycqwol/can_this_diy_ebike_i_bought_handle_a_52v_battery/itod79w/""",0
"https://www.reddit.com""/r/ebikes/comments/xyd6sa/lectric_sells_bikes_that_they_dont_have_in_stock/irgmlh9/""",0
"https://www.reddit.com""/r/ebikes/comments/y3j0j4/anyone_have_any_experience_shipping_an_ebike_for/is987h2/""",0
"https://www.reddit.com""/r/ebikes/comments/xxmhrx/bikes_and_bridges_gotta_love_the_conversion_kits/ird69ez/""",0
"https://www.reddit.com""/r/ebikes/comments/y5x2ik/anyone_else_feel_the_need_to_hide_their_ebike_and/isr82ns/""",0
"https://www.reddit.com""/r/ebikes/comments/xwvwah/heres_some_night_time_pictures_of_the_light_bar_i/ir9jfi8/""",0
"https://www.reddit.com""/r/ebikes/comments/xtk6qb/fear_of_ebike_being_stolen/iqs759l/""",0
"https://www.reddit.com""/r/ebikes/comments/y5dbco/tesgo_hummer_pro_will_be_purchasing_this_bike_for/iso4505/""",0
"https://www.reddit.com""/r/ebikes/comments/y1wbhz/component_upgrade_in_tenways_cgo600_weight/is21ggj/""",0
"https://www.reddit.com""/r/ebikes/comments/yfxko7/do_cars_pass_you_even_when_you_go_above_the_speed/iu6cxgo/""",0
"https://www.reddit.com""/r/ebikes/comments/yb6cie/ariel_rider_grizzly_spokes/ithj2lm/""",0
"https://www.reddit.com""/r/ebikes/comments/y6kraj/just_got_a_trek_rail_5_any_tips/ispsv7a/""",0
"https://www.reddit.com""/r/ebikes/comments/xwvwah/heres_some_night_time_pictures_of_the_light_bar_i/ir8t5h0/""",0
"https://www.reddit.com""/r/ebikes/comments/y0x5u7/shiting_advice/irw5bej/""",0
"https://www.reddit.com""/r/ebikes/comments/y55gl0/hey_does_controller_affect_acceleration_on_my/ishys4y/""",0
"https://www.reddit.com""/r/ebikes/comments/y5uldx/maiden_voyage_for_my_new_radmission_didnt_even/ispx5re/""",0
"https://www.reddit.com""/r/ebikes/comments/xwjtii/this_is_exactly_why_this_community_should_call/irch1e6/""",0
"https://www.reddit.com""/r/ebikes/comments/y7qdl3/there_must_be_something_wrong_with_radpower/isw1a2k/""",0
"https://www.reddit.com""/r/ebikes/comments/xz72qp/obligatory_rite_of_passage_bridge_picture/iroul7q/""",0
"https://www.reddit.com""/r/ebikes/comments/y8csde/charger_questions/iszh7ow/""",0
"https://www.reddit.com""/r/ebikes/comments/xu4hq8/have_any_of_you_had_your_ebike_stolen/iqv7k16/""",0
"https://www.reddit.com""/r/ebikes/comments/y4fp5c/what_to_do_with_old_ebikes/ise31va/""",0
"https://www.reddit.com""/r/ebikes/comments/y08rpb/please_tell_me_again_how_ebikes_are_cheating_ill/irtqupg/""",0
"https://www.reddit.com""/r/ebikes/comments/y2fabj/fastest_e_bike_around_1200/is3rgh0/""",0
"https://www.reddit.com""/r/ebikes/comments/xv3sdr/sometimes_you_just_have_to_make_due/ir2bd4d/""",0
"https://www.reddit.com""/r/ebikes/comments/xusyxr/not_a_bridge_pic_but_still_wonderful/iqzirde/""",0
"https://www.reddit.com""/r/ebikes/comments/xqqz5w/would_a_surron_be_legal_in_pa/it0cnlf/""",0
"https://www.reddit.com""/r/ebikes/comments/y1u71y/san_francisco_hills/irzm3lp/""",0
"https://www.reddit.com""/r/ebikes/comments/y2pvzs/bikes_banned_in_building/is7wywp/""",0
"https://www.reddit.com""/r/ebikes/comments/y4gr9i/a_quick_rest_on_a_20_mile_group_ride/isppi6v/""",0
"https://www.reddit.com""/r/ebikes/comments/xyfoa0/i_was_looking_at_the_hyper_29er_i_have_the/iu7jr4n/""",0
"https://www.reddit.com""/r/ebikes/comments/yh447b/big_blues_battery_torture_test_about_38km_and/iuc3a1i/""",0
"https://www.reddit.com""/r/ebikes/comments/xuprfl/ebike_charging_question/ir1plns/""",0
"https://www.reddit.com""/r/ebikes/comments/y31rvd/battery_storage_and_charging_box_planning_to_add/is6rik3/""",0
"https://www.reddit.com""/r/ebikes/comments/yefrzl/power_question_as_i_am_about_to_start_my_build/itzrq6u/""",0
"https://www.reddit.com""/r/ebikes/comments/y6qi72/need_help_finding_a_compatible_replacement_rim/isqria8/""",0
"https://www.reddit.com""/r/ebikes/comments/xvv0pa/out_in_the_wild_at_last_i_need_a_new_front_wheel/ir7k3zc/""",0
"https://www.reddit.com""/r/ebikes/comments/xq5fxp/ride1up_500_vs_700_is_700_worth_the_extra_price/ishkz0p/""",0
"https://www.reddit.com""/r/ebikes/comments/yewv2p/what_features_make_for_a_quality_ebike/iu0mtpb/""",0
"https://www.reddit.com""/r/ebikes/comments/xxa5nt/radmission_1_opinions/irbiay7/""",0
"https://www.reddit.com""/r/ebikes/comments/ycgus4/well_apparently_only_class_1_ebikes_are_legal_in/itmkzfp/""",0
"https://www.reddit.com""/r/ebikes/comments/y9j1db/any_suggestions_for_adding_a_rear_rack_to_an/it71j3e/""",0
"https://www.reddit.com""/r/ebikes/comments/xv3sdr/sometimes_you_just_have_to_make_due/ir15id1/""",0
"https://www.reddit.com""/r/ebikes/comments/yetpgu/specialized_turbo_vado_vs_sl/iu0grj5/""",0
"https://www.reddit.com""/r/ebikes/comments/y6ycc2/help_bought_a_fully_want_to_convert_to_basically/isrvyjq/""",0
"https://www.reddit.com""/r/ebikes/comments/y7cjzc/i_hacked_my_bike_to_go_40_mph_but_it_keeps/isvbg3f/""",0
"https://www.reddit.com""/r/ebikes/comments/yasqau/this_is_sort_of_an_ebike_cruzin_cooler_scooter/itd3awm/""",0
"https://www.reddit.com""/r/ebikes/comments/y08rpb/please_tell_me_again_how_ebikes_are_cheating_ill/iruj3en/""",0
"https://www.reddit.com""/r/ebikes/comments/xwjtii/this_is_exactly_why_this_community_should_call/ir8fy9e/""",0
"https://www.reddit.com""/r/ebikes/comments/vjp1w2/need_help_first_time_ebike_purchase_primarily_for/ir836pa/""",1
"https://www.reddit.com""/r/ebikes/comments/ydg8h9/stay_away_from_yamaha_ebike_products/itwn7os/""",0
"https://www.reddit.com""/r/ebikes/comments/xx731e/rad_power_bikes_is_having_a_pretty_crazy_sale_499/isicve1/""",0
"https://www.reddit.com""/r/ebikes/comments/xywk1t/loving_my_bike/irlx1dh/""",0
"https://www.reddit.com""/r/ebikes/comments/yexq5l/we_did_it_boys/iu5awb8/""",0
"https://www.reddit.com""/r/ebikes/comments/xz40s1/recommendation_for_mudguards_and_panniers_for/irohque/""",0
"https://www.reddit.com""/r/ebikes/comments/ybx7x4/do_you_guys_get_dirt_at_the_bottom_of_the_frame/itj2jm2/""",0
"https://www.reddit.com""/r/ebikes/comments/ydu6de/pedal_kit_for_surron/itvr6g3/""",0
"https://www.reddit.com""/r/ebikes/comments/y86734/bosch_makes_the_best_motor/isza8bf/""",0
"https://www.reddit.com""/r/ebikes/comments/ygr9ks/luna_fixed_stealth_ebike_suggestions_im_about_to/iua4vq0/""",0
"https://www.reddit.com""/r/ebikes/comments/y2ro7m/what_charger_should_i_use/is4jlit/""",0
"https://www.reddit.com""/r/ebikes/comments/yd6o3n/troubleshooting_ebike/itrsyyw/""",0
"https://www.reddit.com""/r/ebikes/comments/y1inqi/any_suggestions_for_bestventilatedmost/irynhtz/""",0
"https://www.reddit.com""/r/ebikes/comments/ydvoes/not_exactly_a_bridge_pic/itww981/""",0
"https://www.reddit.com""/r/ebikes/comments/y2cwi6/any_way_to_charge_an_ebike_with_a_portable_solar/is2d1jo/""",0
"https://www.reddit.com""/r/ebikes/comments/xsxcng/can_i_get_a_standard_bike_workout_on_an_ebike/iqnf0rq/""",0
"https://www.reddit.com""/r/ebikes/comments/yb364x/biktrix_deleting_comments_everywhere/itgq9a9/""",0
"https://www.reddit.com""/r/ebikes/comments/xzy6nr/almost_got_my_robbed_on_my_ebike_today/irpopu2/""",0
"https://www.reddit.com""/r/ebikes/comments/xtrs2l/joined_the_600_club_this_morning_at_65/iqtr2rq/""",0
"https://www.reddit.com""/r/ebikes/comments/yexq5l/we_did_it_boys/iu0s67x/""",0
"https://www.reddit.com""/r/ebikes/comments/xxm7mh/unlimitied_mpg_charging_ebike_at_ev_charging/irjtw8z/""",0
"https://www.reddit.com""/r/ebikes/comments/ye621x/can_i_use_honey_instead_of_bike_grease/itywafs/""",0
"https://www.reddit.com""/r/ebikes/comments/xw5e57/getting_fed_up_with_running_coats/ir8qt39/""",0
"https://www.reddit.com""/r/ebikes/comments/y3jgdw/is_2600_a_good_price_for_this_super73r_olive_more/isd10fc/""",0
"https://www.reddit.com""/r/ebikes/comments/xsfdgr/is_this_engraving_normal_for_a_bbshd_1000w_i/iqkts5d/""",0
"https://www.reddit.com""/r/ebikes/comments/y3m6ek/chinese_manufactured_ebikes/isczf09/""",0
"https://www.reddit.com""/r/ebikes/comments/xz72qp/obligatory_rite_of_passage_bridge_picture/irmuiv3/""",0
"https://www.reddit.com""/r/ebikes/comments/ubr8sl/what_kind_of_accident_has_happened_to_you_on_an/isv4p43/""",0
"https://www.reddit.com""/r/ebikes/comments/xzu3hw/rad_power_bikes_mission_is_only_500_only_450_with/irqk7qi/""",0
"https://www.reddit.com""/r/ebikes/comments/y21oq3/really_nice_trail_ride_across_a_glassy_lake/is7nyrm/""",0
"https://www.reddit.com""/r/ebikes/comments/xvwqhc/in_need_of_more_mph_bbs02b/ir45hmg/""",0
"https://www.reddit.com""/r/ebikes/comments/y3655d/i_cant_park_my_ebike_inside_my_own_apartment/isa96d1/""",0
"https://www.reddit.com""/r/ebikes/comments/y52789/low_tier_content_my_2021_trek_rail_7/israzoc/""",0
"https://www.reddit.com""/r/ebikes/comments/y279lh/contemplating_ebike_vs_car/is20tf1/""",0
"https://www.reddit.com""/r/ebikes/comments/xsvcde/super73_zx_vs_ariel_rider_xclass_52/iqpg6ho/""",0
"https://www.reddit.com""/r/ebikes/comments/xwo8bf/ebike_too_heavy_for_zero_assist_but_too_fast_for/iradavv/""",0
"https://www.reddit.com""/r/ebikes/comments/xsy1li/what_am_i_looking_at/iqn4e3b/""",0
"https://www.reddit.com""/r/ebikes/comments/yhxlkt/can_i_swap_the_internal_parts_of_a_motor_to_a/iujggks/""",0
"https://www.reddit.com""/r/ebikes/comments/y6kraj/just_got_a_trek_rail_5_any_tips/isshjzu/""",0
"https://www.reddit.com""/r/ebikes/comments/y00up0/where_can_i_buy_laser_light_that_projects_image/irtqgzp/""",0
"https://www.reddit.com""/r/ebikes/comments/y3655d/i_cant_park_my_ebike_inside_my_own_apartment/isa7550/""",0
"https://www.reddit.com""/r/ebikes/comments/yfg9xx/saw_a_rocket_launch_on_a_ride_today/iu3tfp3/""",0
"https://www.reddit.com""/r/ebikes/comments/xx731e/rad_power_bikes_is_having_a_pretty_crazy_sale_499/irf44mu/""",0
"https://www.reddit.com""/r/ebikes/comments/y29e0b/had_a_crash_this_morning_wooden_deck_bridge_was/ispa0uq/""",0
"https://www.reddit.com""/r/ebikes/comments/xtk6qb/fear_of_ebike_being_stolen/iqsifnp/""",0
"https://www.reddit.com""/r/ebikes/comments/gl5kqt/ebikeroadgravelcommuter_conversion/iqsp5bm/""",0
"https://www.reddit.com""/r/ebikes/comments/xvd6dx/locking_a_motor/ir0hkl6/""",0
"https://www.reddit.com""/r/ebikes/comments/yifwdt/8000w_ebike/iujgh70/""",0
"https://www.reddit.com""/r/ebikes/comments/ub7ktl/remember_to_lock_and_gps_tag_your_bikes_onyx/iu48rgi/""",0
"https://www.reddit.com""/r/ebikes/comments/y3jmk6/does_higher_nm_mean_more_efficient_motor_or_more/isc4kij/""",0
"https://www.reddit.com""/r/ebikes/comments/y5dbco/tesgo_hummer_pro_will_be_purchasing_this_bike_for/istijeh/""",0
"https://www.reddit.com""/r/ebikes/comments/y50cwd/breckenridge_bridge/isgz5kp/""",0
"https://www.reddit.com""/r/ebikes/comments/xwjtii/this_is_exactly_why_this_community_should_call/ir7lgvq/""",0
"https://www.reddit.com""/r/ebikes/comments/xy8cq0/_/irg3yzh/""",0
"https://www.reddit.com""/r/ebikes/comments/y2pvzs/bikes_banned_in_building/is7wv13/""",0
"https://www.reddit.com""/r/ebikes/comments/yhxavn/whenever_some_dude_on_a_race_style_bike_tells_me/iug7h49/""",0
"https://www.reddit.com""/r/ebikes/comments/yewg29/managed_to_clean_the_motor_it_spins_freely_again/iu1w7pi/""",0
"https://www.reddit.com""/r/ebikes/comments/ybypd2/the_ariel_rider_grizzly_may_not_be_for_you_if_how/itk5md3/""",0
"https://www.reddit.com""/r/ebikes/comments/xz2cxc/riding_through_the_woods/irptcoy/""",0
"https://www.reddit.com""/r/ebikes/comments/xs1n80/light_weight_class_1_avorite/iqmwen4/""",0
"https://www.reddit.com""/r/ebikes/comments/y2h1bk/overwhelmed_with_options_which_company_is_best/is3flgk/""",1
"https://www.reddit.com""/r/ebikes/comments/y3hxdp/getting_an_ebike_to_save_on_transit_costs/isc1imh/""",0
"https://www.reddit.com""/r/ebikes/comments/y0wk1n/i_received_some_sort_of_message_from_reddit_about/iru98f3/""",0
"https://www.reddit.com""/r/ebikes/comments/y0x5u7/shiting_advice/irvgnel/""",0
"https://www.reddit.com""/r/ebikes/comments/y2y3jl/continuing_research_on_better_tires/isdi3hf/""",0
"https://www.reddit.com""/r/ebikes/comments/xtq3ec/first_ebike_euy_brand_hitting_29mph_working_great/iqrpemw/""",0
"https://www.reddit.com""/r/ebikes/comments/xub69h/anyone_else_get_snarky_comments/iqymnhb/""",0
"https://www.reddit.com""/r/ebikes/comments/xyd6sa/lectric_sells_bikes_that_they_dont_have_in_stock/irgtyla/""",0
"https://www.reddit.com""/r/ebikes/comments/y4f4ae/bike_pic_for_my_brand_new_ebike_this_is_the/isfm8rt/""",0
"https://www.reddit.com""/r/ebikes/comments/xxhes6/ride1up_core_5_or_lectric_xp20/ireg6tr/""",0
"https://www.reddit.com""/r/ebikes/comments/yezih8/ebmx_i_built_with_scrap_parts_almost_150km_with/iu25jxk/""",0
"https://www.reddit.com""/r/ebikes/comments/xt0xai/why_everybody_has_a_wife/iqp8nv4/""",0
"https://www.reddit.com""/r/ebikes/comments/ydq5vr/how_should_i_name_my_new_bike/itu7j85/""",0
"https://www.reddit.com""/r/ebikes/comments/yhqpo0/lightning_rods_big_block_dimension_question/iug8s33/""",0
"https://www.reddit.com""/r/ebikes/comments/xk82s2/new_aventon_level2_motor_issue/irdjryy/""",0
"https://www.reddit.com""/r/ebikes/comments/xxf20n/first_ebike_build_complete_1000w_bbshd_52v_17ah/irbs5gj/""",0
"https://www.reddit.com""/r/ebikes/comments/y8555u/need_some_help_with_an_ebike_problem/isy43qs/""",0
"https://www.reddit.com""/r/ebikes/comments/y9ftft/why_do_people_that_ride_regular_bikes_hate_ebikes/itd8t2o/""",0
"https://www.reddit.com""/r/ebikes/comments/xwu7mb/new_bike_day_finally_got_a_tern_quick_haul_a_few/ira2oy4/""",0
"https://www.reddit.com""/r/ebikes/comments/y279lh/contemplating_ebike_vs_car/is1awpx/""",0
"https://www.reddit.com""/r/ebikes/comments/y86734/bosch_makes_the_best_motor/iszr8h2/""",0
"https://www.reddit.com""/r/ebikes/comments/y7cjzc/i_hacked_my_bike_to_go_40_mph_but_it_keeps/isw5a6c/""",0
"https://www.reddit.com""/r/ebikes/comments/xz778k/antifash_grandma_putting_their_ebike_to_good_use/irzsngz/""",0
"https://www.reddit.com""/r/ebikes/comments/xxo17n/test_rode_a_pair_of_ebikes_yesterday_sorta_torn/irei4m2/""",0
"https://www.reddit.com""/r/ebikes/comments/yifwdt/8000w_ebike/iuio0r7/""",0
"https://www.reddit.com""/r/ebikes/comments/y9ftft/why_do_people_that_ride_regular_bikes_hate_ebikes/it8d27f/""",0
"https://www.reddit.com""/r/ebikes/comments/y6c8pd/charge_every_day_or_every_second_day/isqikt4/""",0
"https://www.reddit.com""/r/ebikes/comments/y1euxa/will_my_ebike_get_stolen/iry255u/""",0
"https://www.reddit.com""/r/ebikes/comments/xuaob5/simple_solar_powered_ebike_build_by_micah_toll/iqvqe65/""",0
"https://www.reddit.com""/r/ebikes/comments/y8z62g/wanting_to_electrify_my_marlin_6_helpsuggestions/it4p5qn/""",0
"https://www.reddit.com""/r/ebikes/comments/xyncke/riding_fast_and_taking_lanes_is_not_safer_ebikes/irj12j7/""",0
"https://www.reddit.com""/r/ebikes/comments/y0tqlr/rate_110/irtrhey/""",0
"https://www.reddit.com""/r/ebikes/comments/y6qvsw/looking_for_ebike_recommendations/isxh3px/""",0
"https://www.reddit.com""/r/ebikes/comments/yc06cn/electrified_bridge_club/itn2vkf/""",0
"https://www.reddit.com""/r/ebikes/comments/y9ssp5/torque_arms_wont_properly_fit_secured_with_ziptie/it74z7u/""",0
"https://www.reddit.com""/r/ebikes/comments/xxj38k/overwhelmed_with_options/ircpmol/""",1
"https://www.reddit.com""/r/ebikes/comments/y02g6s/alternatives_to_radrvr6/irrtrzz/""",0
"https://www.reddit.com""/r/ebikes/comments/xt81za/chain_always_pops_off_the_bling_ring_if_i_hit_a/iqpild4/""",0
"https://www.reddit.com""/r/ebikes/comments/xt0xai/why_everybody_has_a_wife/iqoexhc/""",0
"https://www.reddit.com""/r/ebikes/comments/xsahy1/ebiking_in_traffic/iqlv3gn/""",0
"https://www.reddit.com""/r/ebikes/comments/y8555u/need_some_help_with_an_ebike_problem/isy4k4b/""",0
"https://www.reddit.com""/r/ebikes/comments/y77b0k/need_a_little_help_upgrading_from_trek_marlin_5/istpxmg/""",0
"https://www.reddit.com""/r/ebikes/comments/xuzl2o/would_i_be_able_too_ride_my_sur_ron_on_the_road/ir2kdll/""",0
"https://www.reddit.com""/r/ebikes/comments/y4vppm/what_is_the_biggest_name_company_that_makes_20/isgehwh/""",1
"https://www.reddit.com""/r/ebikes/comments/xz72qp/obligatory_rite_of_passage_bridge_picture/iroxral/""",0
"https://www.reddit.com""/r/ebikes/comments/y47fl2/help_tongsheng_tsdz2_has_error_code_e04_and_wont/iu39pd5/""",0
"https://www.reddit.com""/r/ebikes/comments/yezih8/ebmx_i_built_with_scrap_parts_almost_150km_with/iu4qao3/""",0
"https://www.reddit.com""/r/ebikes/comments/yhgtyi/what_perfect_day_to_do_a_10km_downhill_trip_part/iuh01mi/""",0
"https://www.reddit.com""/r/ebikes/comments/vlaaho/want_to_buy_an_ebike_what_do_you_experts_think_of/iquimxz/""",0
"https://www.reddit.com""/r/ebikes/comments/y868yc/should_we_all_wear_a_helmet_when_riding_ebikes/it0dgiv/""",0
"https://www.reddit.com""/r/ebikes/comments/xuaob5/simple_solar_powered_ebike_build_by_micah_toll/ir0tzgc/""",0
"https://www.reddit.com""/r/ebikes/comments/y6kwbr/you_can_buy_a_bosch_motor_from_utah_trikes/isqmtn6/""",0
"https://www.reddit.com""/r/ebikes/comments/ye06ph/no_idea_how_to_change_from_km_to_mile_or_change/itvcv0a/""",0
"https://www.reddit.com""/r/ebikes/comments/xtsydj/my_charger_is_making_a_lot_of_noise_when_i_plug/iqs5406/""",0
"https://www.reddit.com""/r/ebikes/comments/y5se41/long_range_endurance/iswlwjl/""",0
"https://www.reddit.com""/r/ebikes/comments/xx530o/reminder_michigan_ebike_law_requires_class_power/iral61c/""",0
"https://www.reddit.com""/r/ebikes/comments/y279lh/contemplating_ebike_vs_car/is3ukug/""",0
"https://www.reddit.com""/r/ebikes/comments/xz3vnn/new_ride_is_so_smooth/irlzgzs/""",0
"https://www.reddit.com""/r/ebikes/comments/yftqcw/camping_with_ebikes_area13_blackbird_aventon/iu5gkiz/""",0
"https://www.reddit.com""/r/ebikes/comments/y2719b/eco_cycles_tsdz2_cooling_mod_worth_it/is1g4go/""",0
"https://www.reddit.com""/r/ebikes/comments/y5se41/long_range_endurance/issg5sm/""",0
"https://www.reddit.com""/r/ebikes/comments/y3m6ek/chinese_manufactured_ebikes/isaurl0/""",0
"https://www.reddit.com""/r/ebikes/comments/ye621x/can_i_use_honey_instead_of_bike_grease/itx4cpl/""",0
"https://www.reddit.com""/r/ebikes/comments/xwme1a/sidewalk_or_road/ir7aiiu/""",0
"https://www.reddit.com""/r/ebikes/comments/y5sv6s/the_cadillac_bike_this_with_1000w_front_and_rear/isoryge/""",0
"https://www.reddit.com""/r/ebikes/comments/y6ftos/renters_insurance_is_a_no_brainer/isqsyux/""",0
"https://www.reddit.com""/r/ebikes/comments/yinv1p/anyone_know_the_details_of_these_grub_hub/iujkesl/""",0
"https://www.reddit.com""/r/ebikes/comments/y8fggq/pros_and_cons_of_ebikes_the_onion/it06nky/""",0
"https://www.reddit.com""/r/ebikes/comments/y7nkgq/looking_for_cheap_bike_to_get_to_and_from_work/isvlx2j/""",1
"https://www.reddit.com""/r/ebikes/comments/y868yc/should_we_all_wear_a_helmet_when_riding_ebikes/it167iu/""",0
"https://www.reddit.com""/r/ebikes/comments/y6kwbr/you_can_buy_a_bosch_motor_from_utah_trikes/isrefke/""",0
"https://www.reddit.com""/r/ebikes/comments/ps721a/test_ride_around_the_block_successful_be_safe_out/irfrjc6/""",0
"https://www.reddit.com""/r/ebikes/comments/xwme1a/sidewalk_or_road/irbnjvl/""",0
"https://www.reddit.com""/r/ebikes/comments/xtbu2f/first_time_buyer_in_canada_need_advice/iqqk8t7/""",1
"https://www.reddit.com""/r/ebikes/comments/4lwlt0/anyone_else_get_some_slight_nausea_after_riding/iqnm2n3/""",0
"https://www.reddit.com""/r/ebikes/comments/s8u87e/hello_wonder_if_anyone_have_europe_rad_power_bike/irfpttk/""",0
"https://www.reddit.com""/r/ebikes/comments/y6ycc2/help_bought_a_fully_want_to_convert_to_basically/isw1bcj/""",0
"https://www.reddit.com""/r/ebikes/comments/xx731e/rad_power_bikes_is_having_a_pretty_crazy_sale_499/irc8iyu/""",0
"https://www.reddit.com""/r/ebikes/comments/y4mr4x/i_am_an_assistant_product_manager_who_had_talked/isfrpcw/""",0
"https://www.reddit.com""/r/ebikes/comments/xywk1t/loving_my_bike/irmx3b3/""",0
"https://www.reddit.com""/r/ebikes/comments/xwjtii/this_is_exactly_why_this_community_should_call/ir80a06/""",0
"https://www.reddit.com""/r/ebikes/comments/cy9je7/i_dont_really_need_a_new_battery_but_dang_luna/iqyt38v/""",0
"https://www.reddit.com""/r/ebikes/comments/xuzl2o/would_i_be_able_too_ride_my_sur_ron_on_the_road/iqyms3m/""",0
"https://www.reddit.com""/r/ebikes/comments/y1euxa/will_my_ebike_get_stolen/irx0no5/""",0
"https://www.reddit.com""/r/ebikes/comments/y5dbco/tesgo_hummer_pro_will_be_purchasing_this_bike_for/iujwwww/""",0
"https://www.reddit.com""/r/ebikes/comments/y9who5/im_looking_to_buy_my_first_e_bike_for_trails/it84j25/""",0
"https://www.reddit.com""/r/ebikes/comments/y2zoaj/tire_recommendations_for_wet_conditions/is7edp4/""",0
"https://www.reddit.com""/r/ebikes/comments/xzoqhf/can_i_just_put_one_of_these_on_a_bike/ironoyd/""",0
"https://www.reddit.com""/r/ebikes/comments/y85tw0/where_do_you_park_your_ebike/isycuxl/""",0
"https://www.reddit.com""/r/ebikes/comments/ydwxck/usb_help_needed_its_a_simple_machine_quite_light/ituuxsw/""",0
"https://www.reddit.com""/r/ebikes/comments/yae4aq/can_the_bosch_kiox_be_used_without_the_control/iu19ztx/""",0
"https://www.reddit.com""/r/ebikes/comments/xzftyl/custom_build/irplx3x/""",0
"https://www.reddit.com""/r/ebikes/comments/xtk6qb/fear_of_ebike_being_stolen/iqwx9bh/""",0
"https://www.reddit.com""/r/ebikes/comments/xuh1vd/what_do_you_do_in_the_winter_if_you_ride/iqvgwmz/""",0
"https://www.reddit.com""/r/ebikes/comments/xwn5xa/i_have_picked_up_the_light_bar_that_was_posted_on/ir7wijn/""",0
"https://www.reddit.com""/r/ebikes/comments/yd81zh/the_rack_that_normally_holds_my_battery_broke/itrqfm9/""",0
"https://www.reddit.com""/r/ebikes/comments/y8fggq/pros_and_cons_of_ebikes_the_onion/it2w1as/""",0
"https://www.reddit.com""/r/ebikes/comments/yifwdt/8000w_ebike/iuj4y56/""",0
"https://www.reddit.com""/r/ebikes/comments/ydjv7v/kryptonite_locks_which_to_buy/ittbakp/""",0
"https://www.reddit.com""/r/ebikes/comments/yfkw83/readmission_came_in_built_it_up_and_took_it_for_a/iu5vq8j/""",0
"https://www.reddit.com""/r/ebikes/comments/y00up0/where_can_i_buy_laser_light_that_projects_image/irpp81m/""",0
"https://www.reddit.com""/r/ebikes/comments/xxj38k/overwhelmed_with_options/ircekmk/""",0
"https://www.reddit.com""/r/ebikes/comments/xwji6b/ebikeling_thoughts/ir7i34v/""",0
"https://www.reddit.com""/r/ebikes/comments/xz2cxc/riding_through_the_woods/irm94jn/""",0
"https://www.reddit.com""/r/ebikes/comments/yi6jij/weight_limits_carrying_passengers/iuithze/""",0
"https://www.reddit.com""/r/ebikes/comments/y3rkar/from_wednesday_adventures_i_was_on_my_way_to_this/isa88i4/""",0
"https://www.reddit.com""/r/ebikes/comments/y4exea/beware_of_velosurance/itjhmkc/""",0
"https://www.reddit.com""/r/ebikes/comments/y7cjzc/i_hacked_my_bike_to_go_40_mph_but_it_keeps/isuv66n/""",0
"https://www.reddit.com""/r/ebikes/comments/y9saad/fiido_t1_electric_bike_appears_to_be_breaking_in/itaurt8/""",0
"https://www.reddit.com""/r/ebikes/comments/xvt1zf/spread_ev_love_its_the_brooklyn_way/irc11tj/""",0
"https://www.reddit.com""/r/ebikes/comments/ygxrhb/does_listening_to_music_make_your_ride_more/iuciu5a/""",0
"https://www.reddit.com""/r/ebikes/comments/y56etb/anyone_know_about_hypergogos_z8_ebike/isi9yzy/""",0
"https://www.reddit.com""/r/ebikes/comments/xxnopk/added_some_lights_ordered_a_new_front_wheel_and_a/irgdgph/""",0
"https://www.reddit.com""/r/ebikes/comments/yd9wio/any_tips_on_how_to_wheelie_a_surron/itsr38i/""",0
"https://www.reddit.com""/r/ebikes/comments/y9ftft/why_do_people_that_ride_regular_bikes_hate_ebikes/it7rl5l/""",0
"https://www.reddit.com""/r/ebikes/comments/y4bhxy/new_to_ebike_hows_this/isday0b/""",0
"https://www.reddit.com""/r/ebikes/comments/xw11eg/fuck_shimano_steps/ir4eeyd/""",0
"https://www.reddit.com""/r/ebikes/comments/xtuy61/my_new_giant_talon_e/iqsk07s/""",0
"https://www.reddit.com""/r/ebikes/comments/y7nkgq/looking_for_cheap_bike_to_get_to_and_from_work/isz0c3d/""",1
"https://www.reddit.com""/r/ebikes/comments/y5bqah/diy_cargobike/isitsbr/""",0
"https://www.reddit.com""/r/ebikes/comments/y4lsgd/ebike_conversion/isfuwku/""",0
"https://www.reddit.com""/r/ebikes/comments/yf6lg8/new_to_ebikes_and_socal/iu254yp/""",0
"https://www.reddit.com""/r/ebikes/comments/y3m6ek/chinese_manufactured_ebikes/isahlfp/""",0
"https://www.reddit.com""/r/ebikes/comments/xzctpu/excerpts_from_my_fat_ebike_review/iroaep3/""",0
"https://www.reddit.com""/r/ebikes/comments/ygk9jh/really_impressed_with_the_work_san_diego_is/iu9lqyd/""",0
"https://www.reddit.com""/r/ebikes/comments/y279lh/contemplating_ebike_vs_car/is1yam2/""",0
"https://www.reddit.com""/r/ebikes/comments/yacd83/which_battery_do_i_use_for_my_custom_ebike_kit/itcohtn/""",0
"https://www.reddit.com""/r/ebikes/comments/xzo7rg/finally_the_ebike_i_was_meant_to_have/iroz0ks/""",0
"https://www.reddit.com""/r/ebikes/comments/x8j2s1/luna_cycle_x2_include_ludicrous_v2_or_not_in_my/itklppk/""",0
"https://www.reddit.com""/r/ebikes/comments/y2cap8/defensive_bike_lock/is22hle/""",0
"https://www.reddit.com""/r/ebikes/comments/y81woa/another_ebike_on_a_bridge/isyjh1h/""",0
"https://www.reddit.com""/r/ebikes/comments/xx731e/rad_power_bikes_is_having_a_pretty_crazy_sale_499/ircfv5p/""",0
"https://www.reddit.com""/r/ebikes/comments/y868yc/should_we_all_wear_a_helmet_when_riding_ebikes/itrxwk5/""",0
"https://www.reddit.com""/r/ebikes/comments/xuydbb/could_this_be_strapped_to_the_back_of_an_ebike/iqyjck5/""",0
"https://www.reddit.com""/r/ebikes/comments/ydoesd/bike_repair_stand_needed/itwmrw5/""",0
"https://www.reddit.com""/r/ebikes/comments/xwme1a/sidewalk_or_road/irb0wja/""",0
"https://www.reddit.com""/r/ebikes/comments/y279lh/contemplating_ebike_vs_car/is2y6rv/""",0
"https://www.reddit.com""/r/ebikes/comments/y6gjx5/bridge_no_more_since_a_flood_in_2021/isyjenc/""",0
"https://www.reddit.com""/r/ebikes/comments/xy8cq0/_/irg3gjf/""",0
"https://www.reddit.com""/r/ebikes/comments/ybk7wf/sensor_wire_on_my_reid_blacktop_10_snapped_and/itjjwhj/""",0
"https://www.reddit.com""/r/ebikes/comments/y4q4u2/rear_wheel_has_a_lot_more_rolling_resistance/isi1vll/""",0
"https://www.reddit.com""/r/ebikes/comments/yd4pj6/boulder_bridge_in_autumn_ariel_rider_x_class/iu0s6n8/""",0
"https://www.reddit.com""/r/ebikes/comments/y9ru71/what_makes_ebikes_so_difficult_to_pedal_with_no/it81hbn/""",0
"https://www.reddit.com""/r/ebikes/comments/y7n755/ebikes_sold_on_amazon_walmart_and_sears_websites/iswgyq1/""",0
"https://www.reddit.com""/r/ebikes/comments/y7cjzc/i_hacked_my_bike_to_go_40_mph_but_it_keeps/isvsfa5/""",0