"HITId","HITTypeId","Title","Description","Keywords","Reward","CreationTime","MaxAssignments","RequesterAnnotation","AssignmentDurationInSeconds","AutoApprovalDelayInSeconds","Expiration","NumberOfSimilarHITs","LifetimeInSeconds","AssignmentId","WorkerId","AssignmentStatus","AcceptTime","SubmitTime","AutoApprovalTime","ApprovalTime","RejectionTime","RequesterFeedback","WorkTimeInSeconds","LifetimeApprovalRate","Last30DaysApprovalRate","Last7DaysApprovalRate","Input.url","Answer.product1","Answer.product2","Answer.product3","Approve","Reject"
"3OEWW2KGRT8HMHAWZMHOMMEPJGKDO2","3KBQBQZF8K7LZ1S4O49I6140Q4VAPO","Find the names of eBikes mentioned in a reddit comment","Open a link to a comment on Reddit, extract the names of the first 3 eBikes make/models mentioned in the comment","data collection, data extraction","$0.15","Tue Jan 03 14:32:05 PST 2023","2","BatchId:4979747;OriginalHitTemplateId:928390828;","300","259200","Fri Jan 06 14:32:05 PST 2023","","","36DSNE9QZGVXBM8IZK81E45SFKBOJ1","A3TDUHEBFJ53NM","Submitted","Tue Jan 03 14:40:59 PST 2023","Tue Jan 03 14:42:29 PST 2023","Fri Jan 06 14:42:29 PST 2023","","","","90","100% (4/4)","100% (4/4)","100% (4/4)","https://www.reddit.com/r/ebikes/comments/y9who5/im_looking_to_buy_my_first_e_bike_for_trails/it8t0om/","RadExpand","Smartmotion x-city neo","NA"
"3IVEC1GSMZW9TB3N3G5ODOWUVP7J1Z","3KBQBQZF8K7LZ1S4O49I6140Q4VAPO","Find the names of eBikes mentioned in a reddit comment","Open a link to a comment on Reddit, extract the names of the first 3 eBikes make/models mentioned in the comment","data collection, data extraction","$0.15","Tue Jan 03 14:32:05 PST 2023","2","BatchId:4979747;OriginalHitTemplateId:928390828;","300","259200","Fri Jan 06 14:32:05 PST 2023","","","36H9ULYP6DR359VP0HPBRAWENKPJFH","A2KJ983WWTEK4L","Submitted","Tue Jan 03 17:22:28 PST 2023","Tue Jan 03 17:26:31 PST 2023","Fri Jan 06 17:26:31 PST 2023","","","","243","0% (0/0)","0% (0/0)","0% (0/0)","https://www.reddit.com/r/ebikes/comments/yf2y9g/what_is_the_camrycivic_of_ebikes/iu1q5d9/","LBS","RadRover","X-City"
"3IVEC1GSMZW9TB3N3G5ODOWUVP7J1Z","3KBQBQZF8K7LZ1S4O49I6140Q4VAPO","Find the names of eBikes mentioned in a reddit comment","Open a link to a comment on Reddit, extract the names of the first 3 eBikes make/models mentioned in the comment","data collection, data extraction","$0.15","Tue Jan 03 14:32:05 PST 2023","2","BatchId:4979747;OriginalHitTemplateId:928390828;","300","259200","Fri Jan 06 14:32:05 PST 2023","","","3LEIZ60CDUWK4E9GFHS558YT3J39ZU","A3TDUHEBFJ53NM","Submitted","Tue Jan 03 14:42:29 PST 2023","Tue Jan 03 14:44:12 PST 2023","Fri Jan 06 14:44:12 PST 2023","","","","103","100% (4/4)","100% (4/4)","100% (4/4)","https://www.reddit.com/r/ebikes/comments/yf2y9g/what_is_the_camrycivic_of_ebikes/iu1q5d9/","LBS","Smartmotion x-city neo","NA"
"3LN50BUKQ58I5TAPR3SRUZRK2UILP7","3KBQBQZF8K7LZ1S4O49I6140Q4VAPO","Find the names of eBikes mentioned in a reddit comment","Open a link to a comment on Reddit, extract the names of the first 3 eBikes make/models mentioned in the comment","data collection, data extraction","$0.15","Tue Jan 03 14:32:05 PST 2023","2","BatchId:4979747;OriginalHitTemplateId:928390828;","300","259200","Fri Jan 06 14:32:05 PST 2023","","","3NOKK93PRC53OF91R5UECCYM6A8EE1","A3CVY8G619MGTI","Submitted","Tue Jan 03 14:36:01 PST 2023","Tue Jan 03 14:36:31 PST 2023","Fri Jan 06 14:36:31 PST 2023","","","","30","0% (0/0)","0% (0/0)","0% (0/0)","https://www.reddit.com/r/ebikes/comments/vjp1w2/need_help_first_time_ebike_purchase_primarily_for/ir869eb/","x-class","NA","NA"
"3LN50BUKQ58I5TAPR3SRUZRK2UILP7","3KBQBQZF8K7LZ1S4O49I6140Q4VAPO","Find the names of eBikes mentioned in a reddit comment","Open a link to a comment on Reddit, extract the names of the first 3 eBikes make/models mentioned in the comment","data collection, data extraction","$0.15","Tue Jan 03 14:32:05 PST 2023","2","BatchId:4979747;OriginalHitTemplateId:928390828;","300","259200","Fri Jan 06 14:32:05 PST 2023","","","3A0EX8ZRNJL3NHE8HF4II7KHLP3YB3","A3TDUHEBFJ53NM","Submitted","Tue Jan 03 14:49:00 PST 2023","Tue Jan 03 14:51:24 PST 2023","Fri Jan 06 14:51:24 PST 2023","","","","144","100% (4/4)","100% (4/4)","100% (4/4)","https://www.reddit.com/r/ebikes/comments/vjp1w2/need_help_first_time_ebike_purchase_primarily_for/ir869eb/","Ariel Rider","X-Class","Smartmotion x-city neo"
"38XPGNCKI3XZC5007N29EAER2WO4VI","3KBQBQZF8K7LZ1S4O49I6140Q4VAPO","Find the names of eBikes mentioned in a reddit comment","Open a link to a comment on Reddit, extract the names of the first 3 eBikes make/models mentioned in the comment","data collection, data extraction","$0.15","Tue Jan 03 14:32:05 PST 2023","2","BatchId:4979747;OriginalHitTemplateId:928390828;","300","259200","Fri Jan 06 14:32:05 PST 2023","","","3M1CVSFP6B2PV5IUKRNSAAX94ZXAQF","A3CVY8G619MGTI","Submitted","Tue Jan 03 16:36:49 PST 2023","Tue Jan 03 16:37:18 PST 2023","Fri Jan 06 16:37:18 PST 2023","","","","29","0% (0/0)","0% (0/0)","0% (0/0)","https://www.reddit.com/r/ebikes/comments/yfm7kh/recommendations_for_regular_looking_ebikes/iu4ms26/","Magicycle Pro Cruiser","NA","NA"
"38XPGNCKI3XZC5007N29EAER2WO4VI","3KBQBQZF8K7LZ1S4O49I6140Q4VAPO","Find the names of eBikes mentioned in a reddit comment","Open a link to a comment on Reddit, extract the names of the first 3 eBikes make/models mentioned in the comment","data collection, data extraction","$0.15","Tue Jan 03 14:32:05 PST 2023","2","BatchId:4979747;OriginalHitTemplateId:928390828;","300","259200","Fri Jan 06 14:32:05 PST 2023","","","33IZTU6J8CYD4Y50N54BPIN8N7SXSU","A3TDUHEBFJ53NM","Submitted","Tue Jan 03 14:37:54 PST 2023","Tue Jan 03 14:38:32 PST 2023","Fri Jan 06 14:38:32 PST 2023","","","","38","100% (4/4)","100% (4/4)","100% (4/4)","https://www.reddit.com/r/ebikes/comments/yfm7kh/recommendations_for_regular_looking_ebikes/iu4ms26/","Magicycle Pro Cruiser","NA","NA"
"3R15W654WNQ355B4RG7GU4HU7Q4LQY","3KBQBQZF8K7LZ1S4O49I6140Q4VAPO","Find the names of eBikes mentioned in a reddit comment","Open a link to a comment on Reddit, extract the names of the first 3 eBikes make/models mentioned in the comment","data collection, data extraction","$0.15","Tue Jan 03 14:32:05 PST 2023","2","BatchId:4979747;OriginalHitTemplateId:928390828;","300","259200","Fri Jan 06 14:32:05 PST 2023","","","33LK57MYL4229T5FONSWM33JV8WSZU","A2KJ983WWTEK4L","Submitted","Tue Jan 03 17:26:32 PST 2023","Tue Jan 03 17:29:06 PST 2023","Fri Jan 06 17:29:06 PST 2023","","","","154","0% (0/0)","0% (0/0)","0% (0/0)","https://www.reddit.com/r/ebikes/comments/y2h1bk/overwhelmed_with_options_which_company_is_best/is3qhx7/","Giant/Momentum","CTY 2.2","Rad"
"3R15W654WNQ355B4RG7GU4HU7Q4LQY","3KBQBQZF8K7LZ1S4O49I6140Q4VAPO","Find the names of eBikes mentioned in a reddit comment","Open a link to a comment on Reddit, extract the names of the first 3 eBikes make/models mentioned in the comment","data collection, data extraction","$0.15","Tue Jan 03 14:32:05 PST 2023","2","BatchId:4979747;OriginalHitTemplateId:928390828;","300","259200","Fri Jan 06 14:32:05 PST 2023","","","3300DTYQTDESLIZ60WPE6TN0PDWEQD","A3TDUHEBFJ53NM","Submitted","Tue Jan 03 14:33:31 PST 2023","Tue Jan 03 14:34:50 PST 2023","Fri Jan 06 14:34:50 PST 2023","","","","79","100% (4/4)","100% (4/4)","100% (4/4)","https://www.reddit.com/r/ebikes/comments/y2h1bk/overwhelmed_with_options_which_company_is_best/is3qhx7/","Giant/Momentum ebike","CTY 2.2","Smartmotion x-city neo"
"3TC2K6WKAQZRYFP0VG8BTHXL7KR28F","3KBQBQZF8K7LZ1S4O49I6140Q4VAPO","Find the names of eBikes mentioned in a reddit comment","Open a link to a comment on Reddit, extract the names of the first 3 eBikes make/models mentioned in the comment","data collection, data extraction","$0.15","Tue Jan 03 14:32:05 PST 2023","2","BatchId:4979747;OriginalHitTemplateId:928390828;","300","259200","Fri Jan 06 14:32:05 PST 2023","","","3NLZY2D530M6RO9YHICIJODKYAYQLD","A3TDUHEBFJ53NM","Submitted","Tue Jan 03 14:40:19 PST 2023","Tue Jan 03 14:40:58 PST 2023","Fri Jan 06 14:40:58 PST 2023","","","","39","100% (4/4)","100% (4/4)","100% (4/4)","https://www.reddit.com/r/ebikes/comments/y7nkgq/looking_for_cheap_bike_to_get_to_and_from_work/isxbrez/","NA","NA","NA"
"3TC2K6WKAQZRYFP0VG8BTHXL7KR28F","3KBQBQZF8K7LZ1S4O49I6140Q4VAPO","Find the names of eBikes mentioned in a reddit comment","Open a link to a comment on Reddit, extract the names of the first 3 eBikes make/models mentioned in the comment","data collection, data extraction","$0.15","Tue Jan 03 14:32:05 PST 2023","2","BatchId:4979747;OriginalHitTemplateId:928390828;","300","259200","Fri Jan 06 14:32:05 PST 2023","","","33JKGHPFYNR5U9ER12LGF7X4T4ZMNM","A3UUH3632AI3ZX","Submitted","Tue Jan 03 14:32:21 PST 2023","Tue Jan 03 14:32:54 PST 2023","Fri Jan 06 14:32:54 PST 2023","","","","33","0% (0/0)","0% (0/0)","0% (0/0)","https://www.reddit.com/r/ebikes/comments/y7nkgq/looking_for_cheap_bike_to_get_to_and_from_work/isxbrez/","NA","NA","NA"
"3HYV4299IATJTV1GO03CVI6A4NH8EN","3KBQBQZF8K7LZ1S4O49I6140Q4VAPO","Find the names of eBikes mentioned in a reddit comment","Open a link to a comment on Reddit, extract the names of the first 3 eBikes make/models mentioned in the comment","data collection, data extraction","$0.15","Tue Jan 03 14:32:05 PST 2023","2","BatchId:4979747;OriginalHitTemplateId:928390828;","300","259200","Fri Jan 06 14:32:05 PST 2023","","","3L6L49WXWBUL0UJFRYPYZWGIGSF45K","A3CVY8G619MGTI","Submitted","Tue Jan 03 14:32:31 PST 2023","Tue Jan 03 14:35:44 PST 2023","Fri Jan 06 14:35:44 PST 2023","","","","193","0% (0/0)","0% (0/0)","0% (0/0)","https://www.reddit.com/r/ebikes/comments/yf2y9g/what_is_the_camrycivic_of_ebikes/iu34tgc/","Honda","aventon","ride1up"
"3HYV4299IATJTV1GO03CVI6A4NH8EN","3KBQBQZF8K7LZ1S4O49I6140Q4VAPO","Find the names of eBikes mentioned in a reddit comment","Open a link to a comment on Reddit, extract the names of the first 3 eBikes make/models mentioned in the comment","data collection, data extraction","$0.15","Tue Jan 03 14:32:05 PST 2023","2","BatchId:4979747;OriginalHitTemplateId:928390828;","300","259200","Fri Jan 06 14:32:05 PST 2023","","","3IUZPWIU1Z40RFN28RZNWDIRXBBWKL","A3TDUHEBFJ53NM","Submitted","Tue Jan 03 14:46:02 PST 2023","Tue Jan 03 14:47:18 PST 2023","Fri Jan 06 14:47:18 PST 2023","","","","76","100% (4/4)","100% (4/4)","100% (4/4)","https://www.reddit.com/r/ebikes/comments/yf2y9g/what_is_the_camrycivic_of_ebikes/iu34tgc/","Smartmotion x-city neo","NA","NA"
"3E9VAUV7C6BVIOBMLZZKYC4LCNMAY8","3KBQBQZF8K7LZ1S4O49I6140Q4VAPO","Find the names of eBikes mentioned in a reddit comment","Open a link to a comment on Reddit, extract the names of the first 3 eBikes make/models mentioned in the comment","data collection, data extraction","$0.15","Tue Jan 03 14:32:06 PST 2023","2","BatchId:4979747;OriginalHitTemplateId:928390828;","300","259200","Fri Jan 06 14:32:06 PST 2023","","","34V1S5K3G3YIG4P5DCVU8A5YYF6690","A3CVY8G619MGTI","Submitted","Tue Jan 03 14:44:02 PST 2023","Tue Jan 03 14:44:31 PST 2023","Fri Jan 06 14:44:31 PST 2023","","","","29","0% (0/0)","0% (0/0)","0% (0/0)","https://www.reddit.com/r/ebikes/comments/y2fabj/fastest_e_bike_around_1200/is2p198/","NA","NA","NA"
"3E9VAUV7C6BVIOBMLZZKYC4LCNMAY8","3KBQBQZF8K7LZ1S4O49I6140Q4VAPO","Find the names of eBikes mentioned in a reddit comment","Open a link to a comment on Reddit, extract the names of the first 3 eBikes make/models mentioned in the comment","data collection, data extraction","$0.15","Tue Jan 03 14:32:06 PST 2023","2","BatchId:4979747;OriginalHitTemplateId:928390828;","300","259200","Fri Jan 06 14:32:06 PST 2023","","","3UWN2HHPU928S4RWLZH2RGWALTKNS2","A3TDUHEBFJ53NM","Submitted","Tue Jan 03 14:44:12 PST 2023","Tue Jan 03 14:46:02 PST 2023","Fri Jan 06 14:46:02 PST 2023","","","","110","100% (4/4)","100% (4/4)","100% (4/4)","https://www.reddit.com/r/ebikes/comments/y2fabj/fastest_e_bike_around_1200/is2p198/","NA","NA","NA"
"3GKAWYFRBZQZ7HMXEMU3BMJFTLGDPJ","3KBQBQZF8K7LZ1S4O49I6140Q4VAPO","Find the names of eBikes mentioned in a reddit comment","Open a link to a comment on Reddit, extract the names of the first 3 eBikes make/models mentioned in the comment","data collection, data extraction","$0.15","Tue Jan 03 14:32:06 PST 2023","2","BatchId:4979747;OriginalHitTemplateId:928390828;","300","259200","Fri Jan 06 14:32:06 PST 2023","","","3QBD8R3Z2CG784PXWDLX82G9XNLO4A","A3CVY8G619MGTI","Submitted","Tue Jan 03 14:40:38 PST 2023","Tue Jan 03 14:41:02 PST 2023","Fri Jan 06 14:41:02 PST 2023","","","","24","0% (0/0)","0% (0/0)","0% (0/0)","https://www.reddit.com/r/ebikes/comments/yhbjmf/riding_ebike_to_commute_6o_miles_two_times_in_a/iuegxyz/","eMTB","NA","NA"
"3GKAWYFRBZQZ7HMXEMU3BMJFTLGDPJ","3KBQBQZF8K7LZ1S4O49I6140Q4VAPO","Find the names of eBikes mentioned in a reddit comment","Open a link to a comment on Reddit, extract the names of the first 3 eBikes make/models mentioned in the comment","data collection, data extraction","$0.15","Tue Jan 03 14:32:06 PST 2023","2","BatchId:4979747;OriginalHitTemplateId:928390828;","300","259200","Fri Jan 06 14:32:06 PST 2023","","","3IKZ72A5BFDZOZMAFFH3KHDVW3PFNA","A3TDUHEBFJ53NM","Submitted","Tue Jan 03 14:38:33 PST 2023","Tue Jan 03 14:40:18 PST 2023","Fri Jan 06 14:40:18 PST 2023","","","","105","100% (4/4)","100% (4/4)","100% (4/4)","https://www.reddit.com/r/ebikes/comments/yhbjmf/riding_ebike_to_commute_6o_miles_two_times_in_a/iuegxyz/","eMTB","Smartmotion x-city neo","NA"
"3S37Y8CWJIXCRU05XX750CX595Q4WS","3KBQBQZF8K7LZ1S4O49I6140Q4VAPO","Find the names of eBikes mentioned in a reddit comment","Open a link to a comment on Reddit, extract the names of the first 3 eBikes make/models mentioned in the comment","data collection, data extraction","$0.15","Tue Jan 03 14:32:06 PST 2023","2","BatchId:4979747;OriginalHitTemplateId:928390828;","300","259200","Fri Jan 06 14:32:06 PST 2023","","","3Y5140Z9D8DJ1B0DW20GR3VICBHIP1","A3CVY8G619MGTI","Submitted","Tue Jan 03 16:42:35 PST 2023","Tue Jan 03 16:43:02 PST 2023","Fri Jan 06 16:43:02 PST 2023","","","","27","0% (0/0)","0% (0/0)","0% (0/0)","https://www.reddit.com/r/ebikes/comments/yfm7kh/recommendations_for_regular_looking_ebikes/iuejhcu/","Gen3","NA","NA"
"3S37Y8CWJIXCRU05XX750CX595Q4WS","3KBQBQZF8K7LZ1S4O49I6140Q4VAPO","Find the names of eBikes mentioned in a reddit comment","Open a link to a comment on Reddit, extract the names of the first 3 eBikes make/models mentioned in the comment","data collection, data extraction","$0.15","Tue Jan 03 14:32:06 PST 2023","2","BatchId:4979747;OriginalHitTemplateId:928390828;","300","259200","Fri Jan 06 14:32:06 PST 2023","","","34X6J5FLP4V0WYLYEX05390SULSQJA","A3TDUHEBFJ53NM","Submitted","Tue Jan 03 14:34:50 PST 2023","Tue Jan 03 14:37:54 PST 2023","Fri Jan 06 14:37:54 PST 2023","","","","184","100% (4/4)","100% (4/4)","100% (4/4)","https://www.reddit.com/r/ebikes/comments/yfm7kh/recommendations_for_regular_looking_ebikes/iuejhcu/","Gen3","NA","NA"